"bank_name","city","st","cert","acquiring_instituition","closing_date","time"
"First CornerStone Bank","King of Prussia","PA","35312","First-Citizens Bank & Trust Company","1464134400"
"Trust Company Bank","Memphis","TN","9956","The Bank of Fayette County","1464134400"
"North Milwaukee State Bank","Milwaukee","WI","20364","First-Citizens Bank & Trust Company","1461283200"
"Hometown National Bank","Longview","WA","35156","Twin City Bank","1460505600"
"The Bank of Georgia","Peachtree City","GA","35259","Fidelity Bank","1460505600"
"Premier Bank","Denver","CO","34112","United Fidelity Bank, fsb","1450310400"
"Edgebrook Bank","Chicago","IL","57772","Republic Bank of Chicago","1464825600"
"Doral Bank","San Juan","PR","32102","Banco Popular de Puerto Rico","1431475200"
"Capitol City Bank & Trust Company","Atlanta","GA","33938","First-Citizens Bank & Trust Company","1429574400"
"Highland Community Bank","Chicago","IL","20290","United Fidelity Bank, fsb","1429574400"
"First National Bank of Crestview ","Crestview","FL","17557","First NBC Bank","1452816000"
"Northern Star Bank","Mankato","MN","34983","BankVista","1452038400"
"Frontier Bank, FSB D/B/A El Paseo Bank","Palm Desert","CA","34738","Bank of Southern California, N.A.","1452038400"
"The National Republic Bank of Chicago","Chicago","IL","916","State Bank of Texas","1452038400"
"NBRS Financial","Rising Sun","MD","4862","Howard Bank","1427328000"
"GreenChoice Bank, fsb","Chicago","IL","28462","Providence Bank, LLC","1438041600"
"Eastside Commercial Bank","Conyers","GA","58125","Community & Southern Bank","1438041600"
"The Freedom State Bank ","Freedom","OK","12483","Alva State Bank & Trust Company","1458864000"
"Valley Bank","Fort Lauderdale","FL","21793","Landmark Bank, National Association","1435536000"
"Valley Bank","Moline","IL","10450","Great Southern Bank","1435276800"
"Slavie Federal Savings Bank","Bel Air","MD","32368","Bay Bank, FSB","1434326400"
"Columbia Savings Bank","Cincinnati","OH","32284","United Fidelity Bank, fsb","1432771200"
"AztecAmerica Bank ","Berwyn","IL","57866","Republic Bank of Chicago","1405641600"
"Allendale County Bank","Fairfax","SC","15062","Palmetto State Bank","1405641600"
"Vantage Point Bank","Horsham","PA","58531","First Choice Bank","1425340800"
"Millennium Bank, National Association ","Sterling","VA","35096","WashingtonFirst Bank","1425340800"
"Syringa Bank","Boise","ID","34296","Sunwest Bank","1460419200"
"The Bank of Union","El Reno","OK","17967","BancFirst","1458864000"
"DuPage National Bank","West Chicago","IL","5732","Republic Bank of Chicago","1424304000"
"Texas Community Bank, National Association","The Woodlands","TX","57431","Spirit of Texas Bank, SSB","1419811200"
"Bank of Jackson County","Graceville","FL","14794","First Federal Bank of Florida","1415145600"
"First National Bank also operating as The National Bank of El Paso","Edinburg","TX","14318","PlainsCapital Bank","1432684800"
"The Community's Bank","Bridgeport","CT","57041","No Acquirer","1449446400"
"Sunrise Bank of Arizona","Phoenix","AZ","34707","First Fidelity Bank, National Association","1410480000"
"Community South Bank","Parsons","TN","19849","CB&S Bank, Inc.","1410480000"
"Bank of Wausau","Wausau","WI","35016","Nicolet National Bank","1382572800"
"First Community Bank of Southwest Florida (also operating as Community Bank of Cape Coral)","Fort Myers","FL","34943","C1 Bank","1407110400"
"Mountain National Bank","Sevierville","TN","34789","First Tennessee Bank, National Association","1454544000"
"1st Commerce Bank","North Las Vegas","NV","58358","Plaza Bank","1373587200"
"Banks of Wisconsin d/b/a Bank of Kenosha","Kenosha","WI","35386","North Shore Bank, FSB","1401667200"
"Central Arizona Bank","Scottsdale","AZ","34527","Western State Bank","1449446400"
"Sunrise Bank","Valdosta","GA","58185","Synovus Bank","1403740800"
"Pisgah Community Bank","Asheville","NC","58701","Capital Bank, N.A.","1395360000"
"Douglas County Bank","Douglasville","GA","21649","Hamilton State Bank","1398384000"
"Parkway Bank","Lenoir","NC","57158","CertusBank, National Association","1395360000"
"Chipola Community Bank","Marianna","FL","58034","First Federal Bank of Florida","1442793600"
"Heritage Bank of North Florida","Orange Park","FL","26680","FirstAtlantic Bank","1398384000"
"First Federal Bank","Lexington","KY","29594","Your Community Bank","1398297600"
"Gold Canyon Bank","Gold Canyon","AZ","58066","First Scottsdale Bank, National Association","1444176000"
"Frontier Bank","LaGrange","GA","16431","HeritageBank of the South","1456876800"
"Covenant Bank","Chicago","IL","22476","Liberty Bank and Trust Company","1442793600"
"1st Regents Bank","Andover","MN","57157","First Minnesota Bank","1396569600"
"Westside Community Bank","University Place","WA","33997","Sunwest Bank","1460419200"
"Community Bank of the Ozarks","Sunrise Beach","MO","27331","Bank of Sullivan","1396569600"
"Hometown Community Bank","Braselton","GA","57928","CertusBank, National Association","1452038400"
"Citizens First National Bank","Princeton","IL","3731","Heartland Bank and Trust Company","1385078400"
"Heritage Bank of Florida","Lutz","FL","35009","Centennial Bank","1395360000"
"NOVA Bank","Berwyn","PA","27148","No Acquirer","1358985600"
"Excel Bank","Sedalia","MO","19189","Simmons First National Bank","1382400000"
"First East Side Savings Bank","Tamarac","FL","28144","Stearns Bank N.A.","1452038400"
"GulfSouth Private Bank","Destin","FL","58073","SmartBank","1395360000"
"First United Bank","Crete","IL","20685","Old Plank Trail Community Bank, National Association","1383264000"
"Truman Bank","St. Louis","MO","27316","Simmons First National Bank","1355702400"
"First Commercial Bank","Bloomington","MN","35246","Republic Bank & Trust Company","1355702400"
"Waukegan Savings Bank","Waukegan","IL","28243","First Midwest Bank","1449446400"
"Jasper Banking Company","Jasper","GA","16240","Stearns Bank N.A.","1395360000"
"Second Federal Savings and Loan Association of Chicago","Chicago","IL","27986","Hinsdale Bank & Trust Company","1358121600"
"Heartland Bank","Leawood","KS","1361","Metcalf Bank","1375142400"
"First Cherokee State Bank","Woodstock","GA","32711","Community & Southern Bank","1395360000"
"Georgia Trust Bank","Buford","GA","57847","Community & Southern Bank","1395360000"
"The Royal Palm Bank of Florida","Naples","FL","57096","First National Bank of the Gulf Coast","1395360000"
"Glasgow Savings Bank","Glasgow","MO","1056","Regional Missouri Bank","1408406400"
"Montgomery Bank & Trust","Ailey","GA","19498","Ameris Bank","1395360000"
"The Farmers Bank of Lynchburg","Lynchburg","TN","1690","Clayton Bank and Trust","1395360000"
"Security Exchange Bank","Marietta","GA","35299","Fidelity Bank","1395360000"
"Putnam State Bank","Palatka","FL","27405","Harbor Community Bank","1395360000"
"Waccamaw Bank","Whiteville","NC","34515","First Community Bank","1395360000"
"Farmers' and Traders' State Bank","Shabbona","IL","9257","First State Bank","1349827200"
"Carolina Federal Savings Bank","Charleston","SC","35372","Bank of North Carolina","1395360000"
"First Capital Bank","Kingfisher","OK","416","F & M Bank","1423094400"
"Alabama Trust Bank, National Association","Sylacauga","AL","35224","Southern States Bank","1442793600"
"Security Bank, National Association","North Lauderdale","FL","23156","Banesco USA","1460419200"
"Palm Desert National Bank","Palm Desert","CA","23632","Pacific Premier Bank","1449446400"
"Plantation Federal Bank","Pawleys Island","SC","32503","First Federal Bank","1395360000"
"Inter Savings Bank, fsb D/B/A InterBank, fsb","Maple Grove","MN","31495","Great Southern Bank","1368748800"
"HarVest Bank of Maryland","Gaithersburg","MD","57766","Sonabank","1442793600"
"Bank of the Eastern Shore","Cambridge","MD","26759","No Acquirer","1350432000"
"Fort Lee Federal Savings Bank, FSB","Fort Lee","NJ","35527","Alma Bank","1368748800"
"Fidelity Bank","Dearborn","MI","33883","The Huntington National Bank","1391472000"
"Premier Bank","Wilmette","IL","35419","International Bank of Chicago","1350432000"
"Covenant Bank & Trust","Rock Spring","GA","58068","Stearns Bank, N.A.","1395360000"
"New City Bank","Chicago","IL","57597","No Acquirer","1351468800"
"Global Commerce Bank","Doraville","GA","34046","Metro City Bank","1403740800"
"Home Savings of America","Little Falls","MN","29178","No Acquirer","1355702400"
"Central Bank of Georgia","Ellaville","GA","5687","Ameris Bank","1395360000"
"SCB Bank","Shelbyville","IN","29761","First Merchants Bank, National Association","1424304000"
"Charter National Bank and Trust","Hoffman Estates","IL","23187","Barrington Bank & Trust Company, National Association","1364169600"
"BankEast","Knoxville","TN","19869","U.S. Bank, N.A.","1449446400"
"Patriot Bank Minnesota","Forest Lake","MN","34823","First Resource Bank","1347408000"
"Tennessee Commerce Bank","Franklin","TN","35296","Republic Bank & Trust Company","1395360000"
"First Guaranty Bank and Trust Company of Jacksonville","Jacksonville","FL","16579","CenterState Bank of Florida, N.A.","1395360000"
"American Eagle Savings Bank","Boothwyn","PA","31581","Capital Bank, N.A.","1359072000"
"The First State Bank","Stockbridge","GA","19252","Hamilton State Bank","1395360000"
"Central Florida State Bank","Belleview","FL","57186","CenterState Bank of Florida, N.A.","1463356800"
"Western National Bank","Phoenix","AZ","57917","Washington Federal","1423094400"
"Premier Community Bank of the Emerald Coast","Crestview","FL","58343","Summit Bank","1395360000"
"Central Progressive Bank","Lacombe","LA","19657","First NBC Bank","1423094400"
"Polk County Bank","Johnston","IA","14194","Grinnell State Bank","1344988800"
"Community Bank of Rockmart","Rockmart","GA","57860","Century Bank of Georgia","1395360000"
"SunFirst Bank","Saint George","UT","57087","Cache Valley Bank","1353024000"
"Mid City Bank, Inc.","Omaha","NE","19397","Premier Bank","1344988800"
"All American Bank","Des Plaines","IL","57759","International Bank of Chicago","1344988800"
"Community Banks of Colorado","Greenwood Village","CO","21132","Bank Midwest, N.A.","1357084800"
"Community Capital Bank","Jonesboro","GA","57036","State Bank and Trust Company","1452038400"
"Decatur First Bank","Decatur","GA","34392","Fidelity Bank","1395360000"
"Old Harbor Bank","Clearwater","FL","57537","1st United Bank","1395360000"
"Country Bank","Aledo","IL","35395","Blackhawk Bank & Trust","1344988800"
"First State Bank","Cranford","NJ","58046","Northfield Bank","1352332800"
"Blue Ridge Savings Bank, Inc.","Asheville","NC","32347","Bank of North Carolina","1395360000"
"Piedmont Community Bank","Gray","GA","57256","State Bank and Trust Company","1395360000"
"Sun Security Bank","Ellington","MO","20115","Great Southern Bank","1352246400"
"The RiverBank","Wyoming","MN","10216","Central Bank","1352246400"
"First International Bank","Plano","TX","33513","American First National Bank","1423094400"
"Citizens Bank of Northern California","Nevada City","CA","33983","Tri Counties Bank","1349740800"
"Bank of the Commonwealth","Norfolk","VA","20408","Southern Bank and Trust Company","1349740800"
"The First National Bank of Florida","Milton","FL","25155","CharterBank","1395360000"
"CreekSide Bank","Woodstock","GA","58226","Georgia Commerce Bank","1395360000"
"Patriot Bank of Georgia","Cumming","GA","58273","Georgia Commerce Bank","1395360000"
"First Choice Bank","Geneva","IL","57212","Inland Bank & Trust","1423094400"
"First Southern National Bank","Statesboro","GA","57239","Heritage Bank of the South","1456876800"
"Lydian Private Bank","Palm Beach","FL","35356","Sabadell United Bank, N.A.","1395360000"
"Public Savings Bank","Huntingdon Valley","PA","34130","Capital Bank, N.A.","1344988800"
"The First National Bank of Olathe","Olathe","KS","4744","Enterprise Bank & Trust","1345680000"
"Bank of Whitman","Colfax","WA","22528","Columbia State Bank","1345075200"
"Bank of Shorewood","Shorewood","IL","22637","Heartland Bank and Trust Company","1345075200"
"Integra Bank National Association","Evansville","IN","4392","Old National Bank","1345075200"
"BankMeridian, N.A.","Columbia","SC","58222","SCBT National Association","1395360000"
"Virginia Business Bank","Richmond","VA","58283","Xenith Bank","1349740800"
"Bank of Choice","Greeley","CO","2994","Bank Midwest, N.A.","1347408000"
"LandMark Bank of Florida","Sarasota","FL","35244","American Momentum Bank","1395360000"
"Southshore Community Bank","Apollo Beach","FL","58056","American Momentum Bank","1423094400"
"Summit Bank","Prescott","AZ","57442","The Foothills Bank","1408406400"
"First Peoples Bank","Port St. Lucie","FL","34870","Premier American Bank, N.A.","1395360000"
"High Trust Bank","Stockbridge","GA","19554","Ameris Bank","1395360000"
"One Georgia Bank","Atlanta","GA","58238","Ameris Bank","1395360000"
"Signature Bank","Windsor","CO","57835","Points West Community Bank","1351209600"
"Colorado Capital Bank","Castle Rock","CO","34522","First-Citizens Bank & Trust Company","1358208000"
"First Chicago Bank & Trust","Chicago","IL","27935","Northbrook Bank & Trust Company","1347148800"
"Mountain Heritage Bank","Clayton","GA","57593","First American Bank and Trust Company","1395360000"
"First Commercial Bank of Tampa Bay","Tampa","FL","27583","Stonegate Bank","1395360000"
"McIntosh State Bank","Jackson","GA","19237","Hamilton State Bank","1395360000"
"Atlantic Bank and Trust","Charleston","SC","58420","First Citizens Bank and Trust Company, Inc.","1395360000"
"First Heritage Bank","Snohomish","WA","23626","Columbia State Bank","1359331200"
"Summit Bank","Burlington","WA","513","Columbia State Bank","1358812800"
"First Georgia Banking Company","Franklin","GA","57647","CertusBank, National Association","1395360000"
"Atlantic Southern Bank","Macon","GA","57213","CertusBank, National Association","1395360000"
"Coastal Bank","Cocoa Beach","FL","34898","Florida Community Bank, a division of Premier American Bank, N.A.","1442793600"
"Community Central Bank","Mount Clemens","MI","34234","Talmer Bank & Trust","1345075200"
"The Park Avenue Bank","Valdosta","GA","19797","Bank of the Ozarks","1395360000"
"First Choice Community Bank","Dallas","GA","58539","Bank of the Ozarks","1442793600"
"Cortez Community Bank","Brooksville","FL","57625","Florida Community Bank, a division of Premier American Bank, N.A.","1458864000"
"First National Bank of Central Florida","Winter Park","FL","26297","Florida Community Bank, a division of Premier American Bank, N.A.","1462320000"
"Heritage Banking Group","Carthage","MS","14273","Trustmark National Bank","1395360000"
"Rosemount National Bank","Rosemount","MN","24099","Central Bank","1449446400"
"Superior Bank","Birmingham","AL","17750","Superior Bank, National Association","1395360000"
"Nexity Bank","Birmingham","AL","19794","AloStar Bank of Commerce","1395360000"
"New Horizons Bank","East Ellijay","GA","57705","Citizens South Bank","1395360000"
"Bartow County Bank","Cartersville","GA","21495","Hamilton State Bank","1395360000"
"Nevada Commerce Bank","Las Vegas","NV","35418","City National Bank","1347148800"
"Western Springs National Bank and Trust","Western Springs","IL","10086","Heartland Bank and Trust Company","1358812800"
"The Bank of Commerce","Wood Dale","IL","34292","Advantage National Bank Group","1358812800"
"Legacy Bank","Milwaukee","WI","34818","Seaway Bank and Trust Company","1347408000"
"First National Bank of Davis","Davis","OK","4077","The Pauls Valley National Bank","1345420800"
"Valley Community Bank","St. Charles","IL","34187","First State Bank","1423094400"
"San Luis Trust Bank, FSB","San Luis Obispo","CA","34783","First California Bank","1345420800"
"Charter Oak Bank","Napa","CA","57855","Bank of Marin","1347408000"
"Citizens Bank of Effingham","Springfield","GA","34601","Heritage Bank of the South","1395360000"
"Habersham Bank","Clarkesville","GA","151","SCBT National Association","1395360000"
"Canyon National Bank","Palm Springs","CA","34692","Pacific Premier Bank","1408406400"
"Badger State Bank","Cassville","WI","13272","Royal Bank","1347408000"
"Peoples State Bank","Hamtramck","MI","14939","First Michigan Bank","1358812800"
"Sunshine State Community Bank","Port Orange","FL","35478","Premier American Bank, N.A.","1460419200"
"Community First Bank Chicago","Chicago","IL","57948","Northbrook Bank & Trust Company","1345420800"
"North Georgia Bank","Watkinsville","GA","35242","BankSouth","1395360000"
"American Trust Bank","Roswell","GA","57432","Renasant Bank","1395360000"
"First Community Bank","Taos","NM","12261","U.S. Bank, N.A.","1347408000"
"FirsTier Bank","Louisville","CO","57646","No Acquirer","1347408000"
"Evergreen State Bank","Stoughton","WI","5328","McFarland State Bank","1347408000"
"The First State Bank","Camargo","OK","2303","Bank 7","1347408000"
"United Western Bank","Denver","CO","31293","First-Citizens Bank & Trust Company","1347408000"
"The Bank of Asheville","Asheville","NC","34516","First Bank","1395360000"
"CommunitySouth Bank & Trust","Easley","SC","57868","CertusBank, National Association","1395360000"
"Enterprise Banking Company","McDonough","GA","19758","No Acquirer","1395360000"
"Oglethorpe Bank","Brunswick","GA","57440","Bank of the Ozarks","1395360000"
"Legacy Bank","Scottsdale","AZ","57820","Enterprise Bank & Trust","1460419200"
"First Commercial Bank of Florida","Orlando","FL","34965","First Southern Bank","1395360000"
"Community National Bank","Lino Lakes","MN","23306","Farmers & Merchants Savings Bank","1345420800"
"First Southern Bank","Batesville","AR","58052","Southern Bank","1345420800"
"United Americas Bank, N.A.","Atlanta","GA","35065","State Bank and Trust Company","1445040000"
"Appalachian Community Bank, FSB","McCaysville","GA","58495","Peoples Bank of East Tennessee","1395360000"
"Chestatee State Bank","Dawsonville","GA","34578","Bank of the Ozarks","1442793600"
"The Bank of Miami,N.A.","Coral Gables","FL","19040","1st United Bank","1395360000"
"Earthstar Bank","Southampton","PA","35561","Polonia Bank","1345420800"
"Paramount Bank","Farmington Hills","MI","34673","Level One Bank","1442793600"
"First Banking Center","Burlington","WI","5287","First Michigan Bank","1345420800"
"Allegiance Bank of North America","Bala Cynwyd","PA","35078","VIST Bank","1345420800"
"Gulf State Community Bank","Carrabelle","FL","20340","Centennial Bank","1395360000"
"Copper Star Bank","Scottsdale","AZ","35463","Stearns Bank, N.A.","1345420800"
"Darby Bank & Trust Co.","Vidalia","GA","14580","Ameris Bank","1395360000"
"Tifton Banking Company","Tifton","GA","57831","Ameris Bank","1395360000"
"First Vietnamese American Bank","Westminster","CA","57885","Grandpoint Bank","1347408000"
"Pierce Commercial Bank","Tacoma","WA","34411","Heritage Bank","1445212800"
"Western Commercial Bank","Woodland Hills","CA","58087","First California Bank","1347408000"
"K Bank","Randallstown","MD","31263","Manufacturers and Traders Trust Company (M&T Bank)","1345420800"
"First Arizona Savings, A FSB","Scottsdale","AZ","32582","No Acquirer","1345420800"
"Hillcrest Bank","Overland Park","KS","22173","Hillcrest Bank, N.A.","1345420800"
"First Suburban National Bank","Maywood","IL","16089","Seaway Bank and Trust Company","1345420800"
"The First National Bank of Barnesville","Barnesville","GA","2119","United Bank","1445040000"
"The Gordon Bank","Gordon","GA","33904","Morris Bank","1395360000"
"Progress Bank of Florida","Tampa","FL","32251","Bay Cities Bank","1454544000"
"First Bank of Jacksonville","Jacksonville","FL","27573","Ameris Bank","1395360000"
"Premier Bank","Jefferson City","MO","34016","Providence Bank","1345420800"
"WestBridge Bank and Trust Company","Chesterfield","MO","58205","Midland States Bank","1345420800"
"Security Savings Bank, F.S.B.","Olathe","KS","30898","Simmons First National Bank","1345420800"
"Shoreline Bank","Shoreline","WA","35250","GBC International Bank","1345420800"
"Wakulla Bank","Crawfordville","FL","21777","Centennial Bank","1395360000"
"North County Bank","Arlington","WA","35053","Whidbey Island Bank","1460419200"
"Haven Trust Bank Florida","Ponte Vedra Beach","FL","58308","First Southern Bank","1395360000"
"Maritime Savings Bank","West Allis","WI","28612","North Shore Bank, FSB","1345420800"
"Bramble Savings Bank","Milford","OH","27808","Foundation Bank","1345420800"
"The Peoples Bank","Winder","GA","182","Community & Southern Bank","1462320000"
"First Commerce Community Bank","Douglasville","GA","57448","Community & Southern Bank","1462320000"
"Bank of Ellijay","Ellijay","GA","58197","Community & Southern Bank","1395360000"
"ISN Bank","Cherry Hill","NJ","57107","Customers Bank","1345593600"
"Horizon Bank","Bradenton","FL","35061","Bank of the Ozarks","1395360000"
"Sonoma Valley Bank","Sonoma","CA","27259","Westamerica Bank","1347408000"
"Los Padres Bank","Solvang","CA","32165","Pacific Western Bank","1347408000"
"Butte Community Bank","Chico","CA","33219","Rabobank, N.A.","1347408000"
"Pacific State Bank","Stockton","CA","27090","Rabobank, N.A.","1347408000"
"ShoreBank","Chicago","IL","15640","Urban Partnership Bank","1368662400"
"Imperial Savings and Loan Association","Martinsville","VA","31623","River Community Bank, N.A.","1345766400"
"Independent National Bank","Ocala","FL","27344","CenterState Bank of Florida, N.A.","1395360000"
"Community National Bank at Bartow","Bartow","FL","25266","CenterState Bank of Florida, N.A.","1395360000"
"Palos Bank and Trust Company","Palos Heights","IL","17599","First Midwest Bank","1345593600"
"Ravenswood Bank","Chicago","IL","34231","Northbrook Bank & Trust Company","1345593600"
"LibertyBank","Eugene","OR","31964","Home Federal Bank","1345593600"
"The Cowlitz Bank","Longview","WA","22643","Heritage Bank","1345593600"
"Coastal Community Bank","Panama City Beach","FL","9619","Centennial Bank","1395360000"
"Bayside Savings Bank","Port Saint Joe","FL","57669","Centennial Bank","1395360000"
"Northwest Bank & Trust","Acworth","GA","57658","State Bank and Trust Company","1442793600"
"Home Valley Bank","Cave Junction","OR","23181","South Valley Bank & Trust","1347408000"
"SouthwestUSA Bank","Las Vegas","NV","35434","Plaza Bank","1345593600"
"Community Security Bank","New Prague","MN","34486","Roundbank","1454544000"
"Thunder Bank","Sylvan Grove","KS","10506","The Bennington State Bank","1347494400"
"Williamsburg First National Bank","Kingstree","SC","17837","First Citizens Bank and Trust Company, Inc.","1395360000"
"Crescent Bank and Trust Company","Jasper","GA","27559","Renasant Bank","1395360000"
"Sterling Bank","Lantana","FL","32536","IBERIABANK","1395360000"
"Mainstreet Savings Bank, FSB","Hastings","MI","28136","Commercial Bank","1347494400"
"Olde Cypress Community Bank","Clewiston","FL","28864","CenterState Bank of Florida, N.A.","1395360000"
"Turnberry Bank","Aventura","FL","32280","NAFH National Bank","1395360000"
"Metro Bank of Dade County","Miami","FL","25172","NAFH National Bank","1395360000"
"First National Bank of the South","Spartanburg","SC","35383","NAFH National Bank","1395360000"
"Woodlands Bank","Bluffton","SC","32571","Bank of the Ozarks","1442793600"
"Home National Bank","Blackwell","OK","11636","RCB Bank","1355097600"
"USA Bank","Port Chester","NY","58072","New Century Bank","1347580800"
"Ideal Federal Savings Bank","Baltimore","MD","32456","No Acquirer","1431043200"
"Bay National Bank","Baltimore","MD","35462","Bay Bank, FSB","1358208000"
"High Desert State Bank","Albuquerque","NM","35279","First American Bank","1347580800"
"First National Bank","Savannah","GA","34152","The Savannah Bank, N.A.","1395360000"
"Peninsula Bank","Englewood","FL","26563","Premier American Bank, N.A.","1395360000"
"Nevada Security Bank","Reno","NV","57110","Umpqua Bank","1345680000"
"Washington First International Bank","Seattle","WA","32955","East West Bank","1347580800"
"TierOne Bank","Lincoln","NE","29341","Great Western Bank","1347580800"
"Arcola Homestead Savings Bank","Arcola","IL","31813","No Acquirer","1431043200"
"First National Bank","Rosedale","MS","15814","The Jefferson Bank","1395360000"
"Sun West Bank","Las Vegas","NV","34785","City National Bank","1347580800"
"Granite Community Bank, NA","Granite Bay","CA","57315","Tri Counties Bank","1347580800"
"Bank of Florida - Tampa","Tampa","FL","57814","EverBank","1432598400"
"Bank of Florida - Southwest","Naples","FL","35106","EverBank","1432598400"
"Bank of Florida - Southeast","Fort Lauderdale","FL","57360","EverBank","1432598400"
"Pinehurst Bank","Saint Paul","MN","57735","Coulee Bank","1351209600"
"Midwest Bank and Trust Company","Elmwood Park","IL","18117","FirstMerit Bank, N.A.","1345680000"
"Southwest Community Bank","Springfield","MO","34255","Simmons First National Bank","1454544000"
"New Liberty Bank","Plymouth","MI","35586","Bank of Ann Arbor","1345680000"
"Satilla Community Bank","Saint Marys","GA","35114","Ameris Bank","1395360000"
"1st Pacific Bank of California","San Diego","CA","35517","City National Bank","1355356800"
"Towne Bank of Arizona","Mesa","AZ","57697","Commerce Bank of Arizona","1345680000"
"Access Bank","Champlin","MN","16476","PrinsBank","1423094400"
"The Bank of Bonifay","Bonifay","FL","14246","First Federal Bank of Florida","1352073600"
"Frontier Bank","Everett","WA","22710","Union Bank, N.A.","1358208000"
"BC National Banks","Butler","MO","17792","Community First Bank","1345680000"
"Champion Bank","Creve Coeur","MO","58362","BankLiberty","1345680000"
"CF Bancorp","Port Huron","MI","30005","First Michigan Bank","1460505600"
"Westernbank Puerto Rico","Mayaguez","PR","31027","Banco Popular de Puerto Rico","1395360000"
"R-G Premier Bank of Puerto Rico","Hato Rey","PR","32185","Scotiabank de Puerto Rico","1438732800"
"Eurobank","San Juan","PR","27150","Oriental Bank and Trust","1395360000"
"Wheatland Bank","Naperville","IL","58429","Wheaton Bank & Trust","1345680000"
"Peotone Bank and Trust Company","Peotone","IL","10888","First Midwest Bank","1345680000"
"Lincoln Park Savings Bank","Chicago","IL","30600","Northbrook Bank & Trust Company","1345680000"
"New Century Bank","Chicago","IL","34821","MB Financial Bank, N.A.","1345680000"
"Citizens Bank and Trust Company of Chicago","Chicago","IL","34658","Republic Bank of Chicago","1401926400"
"Broadway Bank","Chicago","IL","22853","MB Financial Bank, N.A.","1345680000"
"Amcore Bank, National Association","Rockford","IL","3735","Harris N.A.","1345680000"
"City Bank","Lynnwood","WA","21521","Whidbey Island Bank","1347580800"
"Tamalpais Bank","San Rafael","CA","33493","Union Bank, N.A.","1345680000"
"Innovative Bank","Oakland","CA","23876","Center Bank","1345680000"
"Butler Bank","Lowell","MA","26619","People's United Bank","1345680000"
"Riverside National Bank of Florida","Fort Pierce","FL","24067","TD Bank, N.A.","1395360000"
"AmericanFirst Bank","Clermont","FL","57724","TD Bank, N.A.","1395360000"
"First Federal Bank of North Florida","Palatka","FL","28886","TD Bank, N.A.","1395360000"
"Lakeside Community Bank","Sterling Heights","MI","34878","No Acquirer","1345680000"
"Beach First National Bank","Myrtle Beach","SC","34242","Bank of North Carolina","1395360000"
"Desert Hills Bank","Phoenix","AZ","57060","New York Community Bank","1345680000"
"Unity National Bank","Cartersville","GA","34678","Bank of the Ozarks","1442793600"
"Key West Bank","Key West","FL","34684","Centennial Bank","1395360000"
"McIntosh Commercial Bank","Carrollton","GA","57399","CharterBank","1395360000"
"State Bank of Aurora","Aurora","MN","8221","Northern State Bank","1454544000"
"First Lowndes Bank","Fort Deposit","AL","24957","First Citizens Bank","1395360000"
"Bank of Hiawassee","Hiawassee","GA","10054","Citizens South Bank","1395360000"
"Appalachian Community Bank","Ellijay","GA","33989","Community & Southern Bank","1395360000"
"Advanta Bank Corp.","Draper","UT","33535","No Acquirer","1459382400"
"Century Security Bank","Duluth","GA","58104","Bank of Upson","1460505600"
"American National Bank","Parma","OH","18806","The National Bank and Trust Company","1442793600"
"Statewide Bank","Covington","LA","29561","Home Bank","1345680000"
"Old Southern Bank","Orlando","FL","58182","Centennial Bank","1395360000"
"The Park Avenue Bank","New York","NY","27096","Valley National Bank","1345680000"
"LibertyPointe Bank","New York","NY","58071","Valley National Bank","1345680000"
"Centennial Bank","Ogden","UT","34430","No Acquirer","1347580800"
"Waterfield Bank","Germantown","MD","34976","No Acquirer","1345680000"
"Bank of Illinois","Normal","IL","9268","Heartland Bank and Trust Company","1345680000"
"Sun American Bank","Boca Raton","FL","27126","First-Citizens Bank & Trust Company","1395360000"
"Rainier Pacific Bank","Tacoma","WA","38129","Umpqua Bank","1345680000"
"Carson River Community Bank","Carson City","NV","58352","Heritage Bank of Nevada","1358208000"
"La Jolla Bank, FSB","La Jolla","CA","32423","OneWest Bank, FSB","1345766400"
"George Washington Savings Bank","Orland Park","IL","29952","FirstMerit Bank, N.A.","1345766400"
"The La Coste National Bank","La Coste","TX","3287","Community National Bank","1408406400"
"Marco Community Bank","Marco Island","FL","57586","Mutual of Omaha Bank","1395360000"
"1st American State Bank of Minnesota","Hancock","MN","15448","Community Development Bank, FSB","1383264000"
"American Marine Bank","Bainbridge Island","WA","16730","Columbia State Bank","1345766400"
"First Regional Bank","Los Angeles","CA","23011","First-Citizens Bank & Trust Company","1457049600"
"Community Bank and Trust","Cornelia","GA","5702","SCBT National Association","1460505600"
"Marshall Bank, N.A.","Hallock","MN","16133","United Valley Bank","1345680000"
"Florida Community Bank","Immokalee","FL","5672","Premier American Bank, N.A.","1395360000"
"First National Bank of Georgia","Carrollton","GA","16480","Community & Southern Bank","1395360000"
"Columbia River Bank","The Dalles","OR","22469","Columbia State Bank","1347580800"
"Evergreen Bank","Seattle","WA","20501","Umpqua Bank","1358208000"
"Charter Bank","Santa Fe","NM","32498","Charter Bank","1345680000"
"Bank of Leeton","Leeton","MO","8265","Sunflower Bank, N.A.","1358208000"
"Premier American Bank","Miami","FL","57147","Premier American Bank, N.A.","1442793600"
"Barnes Banking Company","Kaysville","UT","1252","No Acquirer","1345680000"
"St. Stephen State Bank","St. Stephen","MN","17522","First State Bank of St. Joseph","1460419200"
"Town Community Bank & Trust","Antioch","IL","34705","First American Bank","1345680000"
"Horizon Bank","Bellingham","WA","22977","Washington Federal Savings and Loan Association","1345680000"
"First Federal Bank of California, F.S.B.","Santa Monica","CA","28536","OneWest Bank, FSB","1345680000"
"Imperial Capital Bank","La Jolla","CA","26348","City National Bank","1346803200"
"Independent Bankers' Bank","Springfield","IL","26820","The Independent BankersBank (TIB)","1345680000"
"New South Federal Savings Bank","Irondale","AL","32276","Beal Bank","1345680000"
"Citizens State Bank","New Baltimore","MI","1006","No Acquirer","1395360000"
"Peoples First Community Bank","Panama City","FL","32167","Hancock Bank","1352073600"
"RockBridge Commercial Bank","Atlanta","GA","58315","No Acquirer","1395360000"
"SolutionsBank","Overland Park","KS","4731","Arvest Bank","1345680000"
"Valley Capital Bank, N.A.","Mesa","AZ","58399","Enterprise Bank & Trust","1345680000"
"Republic Federal Bank, N.A.","Miami","FL","22846","1st United Bank","1395360000"
"Greater Atlantic Bank","Reston","VA","32583","Sonabank","1395360000"
"Benchmark Bank","Aurora","IL","10440","MB Financial Bank, N.A.","1345680000"
"AmTrust Bank","Cleveland","OH","29776","New York Community Bank","1395360000"
"The Tattnall Bank","Reidsville","GA","12080","Heritage Bank of the South","1395360000"
"First Security National Bank","Norcross","GA","26290","State Bank and Trust Company","1445040000"
"The Buckhead Community Bank","Atlanta","GA","34663","State Bank and Trust Company","1395360000"
"Commerce Bank of Southwest Florida","Fort Myers","FL","58016","Central Bank","1395360000"
"Pacific Coast National Bank","San Clemente","CA","57914","Sunwest Bank","1345593600"
"Orion Bank","Naples","FL","22427","IBERIABANK","1395360000"
"Century Bank, F.S.B.","Sarasota","FL","32267","IBERIABANK","1395360000"
"United Commercial Bank","San Francisco","CA","32469","East West Bank","1352073600"
"Gateway Bank of St. Louis","St. Louis","MO","19450","Central Bank of Kansas City","1345593600"
"Prosperan Bank","Oakdale","MN","35074","Alerus Financial, N.A.","1345593600"
"Home Federal Savings Bank","Detroit","MI","30329","Liberty Bank and Trust Company","1345593600"
"United Security Bank","Sparta","GA","22286","Ameris Bank","1395360000"
"North Houston Bank","Houston","TX","18776","U.S. Bank N.A.","1345593600"
"Madisonville State Bank","Madisonville","TX","33782","U.S. Bank N.A.","1345593600"
"Citizens National Bank","Teague","TX","25222","U.S. Bank N.A.","1345593600"
"Park National Bank","Chicago","IL","11677","U.S. Bank N.A.","1345593600"
"Pacific National Bank","San Francisco","CA","30006","U.S. Bank N.A.","1345593600"
"California National Bank","Los Angeles","CA","34659","U.S. Bank N.A.","1346803200"
"San Diego National Bank","San Diego","CA","23594","U.S. Bank N.A.","1345593600"
"Community Bank of Lemont","Lemont","IL","35291","U.S. Bank N.A.","1358208000"
"Bank USA, N.A.","Phoenix","AZ","32218","U.S. Bank N.A.","1345593600"
"First DuPage Bank","Westmont","IL","35038","First Midwest Bank","1345593600"
"Riverview Community Bank","Otsego","MN","57525","Central Bank","1345593600"
"Bank of Elmwood","Racine","WI","18321","Tri City National Bank","1345593600"
"Flagship National Bank","Bradenton","FL","35044","First Federal Bank of Florida","1423094400"
"Hillcrest Bank Florida","Naples","FL","58336","Stonegate Bank","1345593600"
"American United Bank","Lawrenceville","GA","57794","Ameris Bank","1346803200"
"Partners Bank","Naples","FL","57959","Stonegate Bank","1423094400"
"San Joaquin Bank","Bakersfield","CA","23266","Citizens Business Bank","1345593600"
"Southern Colorado National Bank","Pueblo","CO","57263","Legacy Bank","1346803200"
"Jennings State Bank","Spring Grove","MN","11416","Central Bank","1345507200"
"Warren Bank","Warren","MI","34824","The Huntington National Bank","1345507200"
"Georgian Bank","Atlanta","GA","57151","First Citizens Bank and Trust Company, Inc.","1345507200"
"Irwin Union Bank, F.S.B.","Louisville","KY","57068","First Financial Bank, N.A.","1346803200"
"Irwin Union Bank and Trust Company","Columbus","IN","10100","First Financial Bank, N.A.","1345507200"
"Venture Bank","Lacey","WA","22868","First-Citizens Bank & Trust Company","1345507200"
"Brickwell Community Bank","Woodbury","MN","57736","CorTrust Bank N.A.","1358208000"
"Corus Bank, N.A.","Chicago","IL","13693","MB Financial Bank, N.A.","1345507200"
"First State Bank","Flagstaff","AZ","34875","Sunwest Bank","1423094400"
"Platinum Community Bank","Rolling Meadows","IL","35030","No Acquirer","1345507200"
"Vantus Bank","Sioux City","IA","27732","Great Southern Bank","1345507200"
"InBank","Oak Forest","IL","20203","MB Financial Bank, N.A.","1445040000"
"First Bank of Kansas City","Kansas City","MO","25231","Great American Bank","1345507200"
"Affinity Bank","Ventura","CA","27197","Pacific Western Bank","1345507200"
"Mainstreet Bank","Forest Lake","MN","1909","Central Bank","1345507200"
"Bradford Bank","Baltimore","MD","28312","Manufacturers and Traders Trust Company (M&T Bank)","1358208000"
"Guaranty Bank","Austin","TX","32618","BBVA Compass","1345507200"
"CapitalSouth Bank","Birmingham","AL","22130","IBERIABANK","1358208000"
"First Coweta Bank","Newnan","GA","57702","United Bank","1449446400"
"ebank","Atlanta","GA","34682","Stearns Bank, N.A.","1345507200"
"Community Bank of Nevada","Las Vegas","NV","34043","No Acquirer","1345507200"
"Community Bank of Arizona","Phoenix","AZ","57645","MidFirst Bank","1345507200"
"Union Bank, National Association","Gilbert","AZ","34485","MidFirst Bank","1345507200"
"Colonial Bank","Montgomery","AL","9609","Branch Banking & Trust Company, (BB&T)","1402531200"
"Dwelling House Savings and Loan Association","Pittsburgh","PA","31559","PNC Bank, N.A.","1358208000"
"Community First Bank","Prineville","OR","23268","Home Federal Bank","1358208000"
"Community National Bank of Sarasota County","Venice","FL","27183","Stearns Bank, N.A.","1345420800"
"First State Bank","Sarasota","FL","27364","Stearns Bank, N.A.","1345420800"
"Mutual Bank","Harvey","IL","18659","United Central Bank","1345420800"
"First BankAmericano","Elizabeth","NJ","34270","Crown Bank","1345420800"
"Peoples Community Bank","West Chester","OH","32288","First Financial Bank, N.A.","1345420800"
"Integrity Bank","Jupiter","FL","57604","Stonegate Bank","1345420800"
"First State Bank of Altus","Altus","OK","9873","Herring Bank","1345420800"
"Security Bank of Jones County","Gray","GA","8486","State Bank and Trust Company","1345420800"
"Security Bank of Houston County","Perry","GA","27048","State Bank and Trust Company","1445040000"
"Security Bank of Bibb County","Macon","GA","27367","State Bank and Trust Company","1345420800"
"Security Bank of North Metro","Woodstock","GA","57105","State Bank and Trust Company","1452038400"
"Security Bank of North Fulton","Alpharetta","GA","57430","State Bank and Trust Company","1345420800"
"Security Bank of Gwinnett County","Suwanee","GA","57346","State Bank and Trust Company","1345420800"
"Waterford Village Bank","Williamsville","NY","58065","Evans Bank, N.A.","1383264000"
"Temecula Valley Bank","Temecula","CA","34341","First-Citizens Bank & Trust Company","1345420800"
"Vineyard Bank","Rancho Cucamonga","CA","23556","California Bank & Trust","1345420800"
"BankFirst","Sioux Falls","SD","34103","Alerus Financial, N.A.","1345420800"
"First Piedmont Bank","Winder","GA","34594","First American Bank and Trust Company","1445040000"
"Bank of Wyoming","Thermopolis","WY","22754","Central Bank & Trust","1345420800"
"Founders Bank","Worth","IL","18390","The PrivateBank and Trust Company","1345420800"
"Millennium State Bank of Texas","Dallas","TX","57667","State Bank of Texas","1351209600"
"First National Bank of Danville","Danville","IL","3644","First Financial Bank, N.A.","1345420800"
"Elizabeth State Bank","Elizabeth","IL","9262","Galena State Bank and Trust Company","1345420800"
"Rock River Bank","Oregon","IL","15302","The Harvard State Bank","1345420800"
"First State Bank of Winchester","Winchester","IL","11710","The First National Bank of Beardstown","1345420800"
"John Warner Bank","Clinton","IL","12093","State Bank of Lincoln","1345420800"
"Mirae Bank","Los Angeles","CA","57332","Wilshire State Bank","1345420800"
"MetroPacific Bank","Irvine","CA","57893","Sunwest Bank","1423094400"
"Horizon Bank","Pine City","MN","9744","Stearns Bank, N.A.","1423094400"
"Neighborhood Community Bank","Newnan","GA","35285","CharterBank","1449446400"
"Community Bank of West Georgia","Villa Rica","GA","57436","No Acquirer","1345161600"
"First National Bank of Anthony","Anthony","KS","4614","Bank of Kansas","1442793600"
"Cooperative Bank","Wilmington","NC","27837","First Bank","1345161600"
"Southern Community Bank","Fayetteville","GA","35251","United Community Bank","1442793600"
"Bank of Lincolnwood","Lincolnwood","IL","17309","Republic Bank of Chicago","1345161600"
"Citizens National Bank","Macomb","IL","5757","Morton Community Bank","1346716800"
"Strategic Capital Bank","Champaign","IL","35175","Midland States Bank","1346716800"
"BankUnited, FSB","Coral Gables","FL","32247","BankUnited","1345161600"
"Westsound Bank","Bremerton","WA","34843","Kitsap Bank","1346716800"
"America West Bank","Layton","UT","35461","Cache Valley Bank","1345161600"
"Citizens Community Bank","Ridgewood","NJ","57563","North Jersey Community Bank","1346716800"
"Silverton Bank, NA","Atlanta","GA","26535","No Acquirer","1345161600"
"First Bank of Idaho","Ketchum","ID","34396","U.S. Bank, N.A.","1345161600"
"First Bank of Beverly Hills","Calabasas","CA","32069","No Acquirer","1346716800"
"Michigan Heritage Bank","Farmington Hills","MI","34369","Level One Bank","1345161600"
"American Southern Bank","Kennesaw","GA","57943","Bank of North Georgia","1345161600"
"Great Basin Bank of Nevada","Elko","NV","33824","Nevada State Bank","1346716800"
"American Sterling Bank","Sugar Creek","MO","8266","Metcalf Bank","1346371200"
"New Frontier Bank","Greeley","CO","34881","No Acquirer","1346716800"
"Cape Fear Bank","Wilmington","NC","34639","First Federal Savings and Loan Association","1460419200"
"Omni National Bank","Atlanta","GA","22238","No Acquirer","1345161600"
"TeamBank, NA","Paola","KS","4754","Great Southern Bank","1345161600"
"Colorado National Bank","Colorado Springs","CO","18896","Herring Bank","1345161600"
"FirstCity Bank","Stockbridge","GA","18243","No Acquirer","1345161600"
"Freedom Bank of Georgia","Commerce","GA","57558","Northeast Georgia Bank","1345161600"
"Security Savings Bank","Henderson","NV","34820","Bank of Nevada","1346976000"
"Heritage Community Bank","Glenwood","IL","20078","MB Financial Bank, N.A.","1345161600"
"Silver Falls Bank","Silverton","OR","35399","Citizens Bank","1345161600"
"Pinnacle Bank of Oregon","Beaverton","OR","57342","Washington Trust Bank of Spokane","1449446400"
"Corn Belt Bank & Trust Co.","Pittsfield","IL","16500","The Carlinville National Bank","1345161600"
"Riverside Bank of the Gulf Coast","Cape Coral","FL","34563","TIB Bank","1345161600"
"Sherman County Bank","Loup City","NE","5431","Heritage Bank","1345161600"
"County Bank","Merced","CA","22574","Westamerica Bank","1346716800"
"Alliance Bank","Culver City","CA","23124","California Bank & Trust","1345075200"
"FirstBank Financial Services","McDonough","GA","57017","Regions Bank","1345075200"
"Ocala National Bank","Ocala","FL","26538","CenterState Bank of Florida, N.A.","1346716800"
"Suburban FSB","Crofton","MD","30763","Bank of Essex","1454544000"
"MagnetBank","Salt Lake City","UT","58001","No Acquirer","1345075200"
"1st Centennial Bank","Redlands","CA","33025","First California Bank","1460505600"
"Bank of Clark County","Vancouver","WA","34959","Umpqua Bank","1345075200"
"National Bank of Commerce","Berkeley","IL","19733","Republic Bank of Chicago","1345075200"
"Sanderson State Bank","Sanderson","TX","11568","The Pecos County State Bank","1382659200"
"Haven Trust Bank","Duluth","GA","35379","Branch Banking & Trust Company, (BB&T)","1345075200"
"First Georgia Community Bank","Jackson","GA","34301","United Bank","1345075200"
"PFF Bank & Trust","Pomona","CA","28344","U.S. Bank, N.A.","1357257600"
"Downey Savings & Loan","Newport Beach","CA","30968","U.S. Bank, N.A.","1357257600"
"Community Bank","Loganville","GA","16490","Bank of Essex","1346716800"
"Security Pacific Bank","Los Angeles","CA","23595","Pacific Western Bank","1346112000"
"Franklin Bank, SSB","Houston","TX","26870","Prosperity Bank","1345075200"
"Freedom Bank","Bradenton","FL","57930","Fifth Third Bank","1345075200"
"Alpha Bank & Trust","Alpharetta","GA","58241","Stearns Bank, N.A.","1345075200"
"Meridian Bank","Eldred","IL","13789","National Bank","1338422400"
"Main Street Bank","Northville","MI","57654","Monroe Bank & Trust","1375315200"
"Washington Mutual Bank (Including its subsidiary Washington Mutual Bank FSB)","Henderson","NV","32633","JP Morgan Chase Bank","1438646400"
"Ameribank","Northfork","WV","6782","The Citizens Savings Bank, Pioneer Community Bank, Inc.","1442793600"
"Silver State Bank","Henderson","NV","34194","Nevada State Bank","1382659200"
"Integrity Bank","Alpharetta","GA","35469","Regions Bank","1345075200"
"Columbian Bank & Trust","Topeka","KS","22728","Citizens Bank & Trust","1427328000"
"First Priority Bank","Bradenton","FL","57523","SunTrust Bank","1427328000"
"First Heritage Bank, NA","Newport Beach","CA","57961","Mutual of Omaha Bank","1346112000"
"First National Bank of Nevada","Reno","NV","27011","Mutual of Omaha Bank","1346112000"
"IndyMac Bank","Pasadena","CA","29730","OneWest Bank, FSB","1429660800"
"First Integrity Bank, NA","Staples","MN","12736","First International Bank and Trust","1346112000"
"ANB Financial, NA","Bentonville","AR","33901","Pulaski Bank and Trust Company","1346112000"
"Hume Bank","Hume","MO","1971","Security Bank","1346112000"
"Douglass National Bank","Kansas City","MO","24660","Liberty Bank and Trust Company","1351209600"
"Miami Valley Bank","Lakeview","OH","16848","The Citizens Banking Company","1346112000"
"NetBank","Alpharetta","GA","32575","ING DIRECT","1346112000"
"Metropolitan Savings Bank","Pittsburgh","PA","35353","Allegheny Valley Bank of Pittsburgh","1288137600"
"Bank of Ephraim","Ephraim","UT","1249","Far West Bank","1207699200"
"Reliance Bank","White Plains","NY","26778","Union State Bank","1207699200"
"Guaranty National Bank of Tallahassee","Tallahassee","FL","26838","Hancock Bank of Florida","1338854400"
"Dollar Savings Bank","Newark","NJ","31330","No Acquirer","1207699200"
"Pulaski Savings Bank","Philadelphia","PA","27203","Earthstar Bank","1121990400"
"First National Bank of Blanchardville","Blanchardville","WI","11639","The Park Bank","1338854400"
"Southern Pacific Bank","Torrance","CA","27094","Beal Bank","1224460800"
"Farmers Bank of Cheneyville","Cheneyville","LA","16445","Sabine State Bank & Trust","1098230400"
"Bank of Alamo","Alamo","TN","9961","No Acquirer","1111104000"
"AmTrade International Bank","Atlanta","GA","33784","No Acquirer","1157932800"
"Universal Federal Savings Bank","Chicago","IL","29355","Chicago Community Bank","1207699200"
"Connecticut Bank of Commerce","Stamford","CT","19183","Hudson United Bank","1329177600"
"New Century Bank","Shelby Township","MI","34979","No Acquirer","1111104000"
"Net 1st National Bank","Boca Raton","FL","26652","Bank Leumi USA","1207699200"
"NextBank, NA","Phoenix","AZ","22314","No Acquirer","1423094400"
"Oakwood Deposit Bank Co.","Oakwood","OH","8966","The State Bank & Trust Company","1351123200"
"Bank of Sierra Blanca","Sierra Blanca","TX","22002","The Security State Bank of Pecos","1068076800"
"Hamilton Bank, NA","Miami","FL","24382","Israel Discount Bank of New York","1442793600"
"Sinclair National Bank","Gravette","AR","34248","Delta Trust & Bank","1076371200"
"Superior Bank, FSB","Hinsdale","IL","32646","Superior Federal, FSB","1408406400"
"Malta National Bank","Malta","OH","6629","North Valley Bank","1037577600"
"First Alliance Bank & Trust Co.","Manchester","NH","34264","Southern New Hampshire Bank & Trust","1045526400"
"National State Bank of Metropolis","Metropolis","IL","3815","Banterra Bank of Marion","1111017600"
"Bank of Honolulu","Honolulu","HI","21029","Bank of the Orient","1111017600"
"bank_name","city","st","cert","acquiring_instituition","closing_date","time"
